feature,importance
lag_1,0.6879848263507077
money_supply_m2_billion_rp,0.22514278932088597
lag_2,0.022830214821568214
lag_3,0.011098625782970583
policy_rate,0.008897932849122938
lag_11,0.008850175595782862
lag_8,0.006066563568103527
lag_7,0.005238949351134017
lag_6,0.004927700700823008
lag_4,0.004723833590697757
lag_5,0.004602030159033261
lag_12,0.003596362597640928
lag_10,0.0030415238263617615
lag_9,0.002998471485167453
