lag,MAE_CV,RMSE_CV,MAPE_CV
12,525.3729629434594,626.972628577253,3.369235747642327
3,554.8798178364344,676.879047465541,3.627619928141909
6,635.7984745460076,742.518898604847,4.169085764409844
