Model,MAE,RMSE,MAPE
ARIMA,236.86683069261866,307.871822261286,1.4782204832908572
Random Forest,503.5538362340484,568.2352454422634,3.0745000463388905
